periode_data,instansi_asal_kendaraan,ritasi,tonase
202212,"UPK Badan Air",715,"7 497 14"
202212,"Dinas Lingkungan Hidup-Bidang Pengelolaan Kebersihan",194,"1 684 18"
202212,"Sudin Lingkungan Hidup Kab Adm  Kep  Seribu",155,"1108 7"
202212,"Sudin Lingkungan Hidup Kota Adm  Jakarta Pusat",5406,"22346 24"
202212,"Sudin Lingkungan Hidup Kota Adm  Jakarta Utara",6518,"34690 36"
202212,"Sudin Lingkungan Hidup Kota Adm  Jakarta Barat",7162,"46121 74"
202212,"Sudin Lingkungan Hidup Kota Adm  Jakarta Selatan",7153,"48420 94"
202212,"Sudin Lingkungan Hidup Kota Adm  Jakarta Timur",8561,"52962 3"
202212,"Dinas Pertamanan dan Hutan Kota",177,"578 56"
202212,"Sampah Pasar",2867,"14222 28"
202212,"Pengelolaan Kawasan Mandiri",2153,"9131 08"
202301,"UPK Badan Air",708,6980
202301,"Dinas Lingkungan Hidup-Bidang Pengelolaan Kebersihan",174,"1528 02"
202301,"Sudin Lingkungan Hidup Kab Adm  Kep  Seribu",164,"1062 42"
202301,"Sudin Lingkungan Hidup Kota Adm  Jakarta Pusat",5114,"19875 98"
202301,"Sudin Lingkungan Hidup Kota Adm  Jakarta Utara",6178,"32983 7"
202301,"Sudin Lingkungan Hidup Kota Adm  Jakarta Barat",6911,"43945 66"
202301,"Sudin Lingkungan Hidup Kota Adm  Jakarta Selatan",7080,"46137 74"
202301,"Sudin Lingkungan Hidup Kota Adm  Jakarta Timur",8302,"48843 24"
202301,"Dinas Pertamanan dan Hutan Kota",173,"547 82"
202301,"Sampah Pasar",3709,"18105 28"
202301,"Pengelolaan Kawasan Mandiri",1963,"7871 66"
202302,"UPK Badan Air",685,"6856,68"
202302,"Dinas Lingkungan Hidup-Bidang Pengelolaan Kebersihan",166,"1532,6"
202302,"Sudin Lingkungan Hidup Kab Adm. Kep. Seribu",139,"920,5"
202302,"Sudin Lingkungan Hidup Kota Adm. Jakarta Pusat",4615,"18995,28"
202302,"Sudin Lingkungan Hidup Kota Adm. Jakarta Utara",5533,"31085,72"
202302,"Sudin Lingkungan Hidup Kota Adm. Jakarta Barat",6273,"41791,28"
202302,"Sudin Lingkungan Hidup Kota Adm. Jakarta Selatan",6257,"43594,96"
202302,"Sudin Lingkungan Hidup Kota Adm. Jakarta Timur",7541,"46479,98"
202302,"Dinas Pertamanan dan Hutan Kota",159,"566,14"
202302,"Sampah Pasar",3032,"15727,52"
202302,"Pengelolaan Kawasan Mandiri",1795,"8287,52"
202303,"UPK Badan Air",833,"8065,48"
202303,"Dinas Lingkungan Hidup-Bidang Pengelolaan Kebersihan",141,"1227,18"
202303,"Sudin Lingkungan Hidup Kab Adm. Kep. Seribu",141,"928,84"
202303,"Sudin Lingkungan Hidup Kota Adm. Jakarta Pusat",5069,"21334,44"
202303,"Sudin Lingkungan Hidup Kota Adm. Jakarta Utara",6347,"36318,26"
202303,"Sudin Lingkungan Hidup Kota Adm. Jakarta Barat",6859,"47256,58"
202303,"Sudin Lingkungan Hidup Kota Adm. Jakarta Selatan",7214,"51025,66"
202303,"Sudin Lingkungan Hidup Kota Adm. Jakarta Timur",8580,"53481,88"
202303,"Dinas Pertamanan dan Hutan Kota",165,"572,28"
202303,"Sampah Pasar",3409,"17539,42"
202303,"Pengelolaan Kawasan Mandiri",2003,"9094,64"
202401,"UPS BADAN AIR",779,7989.82
202401,"SUKU DINAS JAKARTA PUSAT",5114,21972.72
202401,"SUKU DINAS JAKARTA UTARA",6440,35596.38
202401,"SUKU DINAS JAKARTA BARAT",6926,47374.4
202401,"SUKU DINAS JAKARTA SELATAN",7208,51516.64
202401,"SUKU DINAS JAKARTA  TIMUR",8617,5261.9
202401,"PENGELOLAAN SAMPAH KAWASAN MANDIRI",1679,7594.22
202401,"SAMPAH PASAR",3250,16942.98
202401,"DINAS PERTAMANAN DAN HUTAN KOTA",187,721.76
202401,"SUDIN LINGKUNGAN HIDUP KABUPATEN ADMINISTRASI KEPULAUAN SERIBU",131,860.58
202304," UPK Badan Air ",629,6211.7
202304," Dinas Lingkungan Hidup Bidang Pengelolaan Kebersihan ",55,431.06
202304," Sudin Lingkungan Hidup Kab Adm  Kep  Seribu ",107,578.34
202304," Sudin Lingkungan Hidup Kota Adm  Jakarta Pusat ",4392,17902.66
202304," Sudin Lingkungan Hidup Kota Adm  Jakarta Utara ",5755,31750.22
202304," Sudin Lingkungan Hidup Kota Adm  Jakarta Barat ",6178,39943.58
202304," Sudin Lingkungan Hidup Kota Adm  Jakarta Selatan ",6530,44094.22
202304," Sudin Lingkungan Hidup Kota Adm  Jakarta Timur ",7889,48517.16
202304," Dinas Pertamanan dan Hutan Kota ",133,423.18
202304," Sampah Pasar ",3092,15605
202304," Pengelolaan Kawasan Mandiri ",1696,7170.5
202305," UPS Badan Air ",786,7838.94
202305," Dinas Lingkungan Hidup Bidang Pengelolaan Kebersihan ",27,203.78
202305," Sudin Lingkungan Hidup Kab Adm  Kep  Seribu ",121,690.36.00
202305," Sudin Lingkungan Hidup Kota Adm  Jakarta Pusat ",5016,20014.88
202305," Sudin Lingkungan Hidup Kota Adm  Jakarta Utara ",6332,32661.88
202305," Sudin Lingkungan Hidup Kota Adm  Jakarta Barat ",6798,42927.90
202305," Sudin Lingkungan Hidup Kota Adm  Jakarta Selatan ",7256,47972.82
202305," Sudin Lingkungan Hidup Kota Adm  Jakarta Timur ",8672,50407.24
202305," Dinas Pertamanan dan Hutan Kota ",159,548.10.00
202305," Sampah Pasar ",3301,15896.16
202305," Pengelolaan Kawasan Mandiri ",1943,8264.48.00
202306," UPS Badan Air ",772,"7312,32"
202306," Sudin Lingkungan Hidup Kab Adm  Kep  Seribu ",91,"542,02"
202306," Sudin Lingkungan Hidup Kota Adm  Jakarta Pusat ",4918,"19862,32"
202306," Sudin Lingkungan Hidup Kota Adm  Jakarta Utara ",6175,"32840,44"
202306," Sudin Lingkungan Hidup Kota Adm  Jakarta Barat ",6536,"42460,18"
202306," Sudin Lingkungan Hidup Kota Adm  Jakarta Selatan ",6910,"45876,14"
202306," Sudin Lingkungan Hidup Kota Adm  Jakarta Timur ",8307,"47827,36"
202306," Dinas Pertamanan dan Hutan Kota ",143,"537,14"
202306," Sampah Pasar ",3138,"14731,8"
202306," Pengelolaan Kawasan Mandiri ",1803,"7804,44"
202307," UPS Badan Air ",695,"6771,72"
202307," Sudin Lingkungan Hidup Kab Adm  Kep  Seribu ",125,"760,38"
202307," Sudin Lingkungan Hidup Kota Adm  Jakarta Pusat ",5084,"20181,46"
202307," Sudin Lingkungan Hidup Kota Adm  Jakarta Utara ",6453,"33398,8"
202307," Sudin Lingkungan Hidup Kota Adm  Jakarta Barat ",6795,"43430,54"
202307," Sudin Lingkungan Hidup Kota Adm  Jakarta Selatan ",7148,"46782,66"
202307," Sudin Lingkungan Hidup Kota Adm  Jakarta Timur ",8642,"49889,48"
202307," Dinas Pertamanan dan Hutan Kota ",171,"575,02"
202307," Sampah Pasar ",3309,"15476,18"
202307," Pengelolaan Kawasan Mandiri ",1890,"7979,92"
202308," UPS Badan Air ",664,"6224,66"
202308," Sudin Lingkungan Hidup Kab Adm  Kep  Seribu ",87,"616,68"
202308," Sudin Lingkungan Hidup Kota Adm  Jakarta Pusat ",5060,"19938,34"
202308," Sudin Lingkungan Hidup Kota Adm  Jakarta Utara ",6624,"32849,02"
202308," Sudin Lingkungan Hidup Kota Adm  Jakarta Barat ",6827,"41853,24"
202308," Sudin Lingkungan Hidup Kota Adm  Jakarta Selatan ",7286,"44950,62"
202308," Sudin Lingkungan Hidup Kota Adm  Jakarta Timur ",8828,"46992,16"
202308," Dinas Pertamanan dan Hutan Kota ",183,"557,94"
202308," Sampah Pasar ",3283,15034
202308," Pengelolaan Kawasan Mandiri ",1937,"7821,22"
202309," UPS Badan Air ",656,"5785,62"
202309," Sudin Lingkungan Hidup Kab Adm  Kep  Seribu ",92,"569,1"
202309," Sudin Lingkungan Hidup Kota Adm  Jakarta Pusat ",4965,"19355,86"
202309," Sudin Lingkungan Hidup Kota Adm  Jakarta Utara ",6472,"31476,9"
202309," Sudin Lingkungan Hidup Kota Adm  Jakarta Barat ",6702,"40665,88"
202309," Sudin Lingkungan Hidup Kota Adm  Jakarta Selatan ",7012,"43181,8"
202309," Sudin Lingkungan Hidup Kota Adm  Jakarta Timur ",8561,"45320,38"
202309," Dinas Pertamanan dan Hutan Kota ",202,"554,16"
202309," Sampah Pasar ",3259,"14872,66"
202309," Pengelolaan Kawasan Mandiri ",1892,"7464,4"
202310," UPS Badan Air ",703,"6184,8"
202310," Sudin Lingkungan Hidup Kab Adm  Kep  Seribu ",120,"658,72"
202310," Sudin Lingkungan Hidup Kota Adm  Jakarta Pusat ",5178,"19889,36"
202310," Sudin Lingkungan Hidup Kota Adm  Jakarta Utara ",6644,"32348,28"
202310," Sudin Lingkungan Hidup Kota Adm  Jakarta Barat ",6869,"41908,64"
202310," Sudin Lingkungan Hidup Kota Adm  Jakarta Selatan ",7302,"44974,88"
202310," Sudin Lingkungan Hidup Kota Adm  Jakarta Timur ",8730,"46695,92"
202310," Dinas Pertamanan dan Hutan Kota ",209,"567,96"
202310," Sampah Pasar ",3406,"15392,34"
202310," Pengelolaan Kawasan Mandiri ",1915,"7450,82"
202311," UPS Badan Air ",850,"8732,44"
202311," Sudin Lingkungan Hidup Kab Adm  Kep  Seribu ",129,745
202311," Sudin Lingkungan Hidup Kota Adm  Jakarta Pusat ",4979,"21193,12"
202311," Sudin Lingkungan Hidup Kota Adm  Jakarta Utara ",6469,"35325,7"
202311," Sudin Lingkungan Hidup Kota Adm  Jakarta Barat ",6760,"43512,48"
202311," Sudin Lingkungan Hidup Kota Adm  Jakarta Selatan ",7093,"48096,54"
202311," Sudin Lingkungan Hidup Kota Adm  Jakarta Timur ",8515,"49995,92"
202311," Dinas Pertamanan dan Hutan Kota ",201,"689,62"
202311," Sampah Pasar ",3280,"16412,26"
202311," Pengelolaan Kawasan Mandiri ",1819,"7752,62"
202403,"DINAS PERTAMANAN DAN HUTAN KOTA",172,647.02
202403,"SUKU DINAS LINGKUNGAN HIDUP KOTA ADM. JAKARTA BARAT",7326,52944.47
202403,"SUKU DINAS LINGKUNGAN HIDUP KOTA ADM. JAKARTA PUSAT",5613,26318.44
202403,"SUKU DINAS LINGKUNGAN HIDUP  KOTA ADM. JAKARTA SELATAN",7704,54989.62
202403,"SUKU DINAS LINGKUNGAN HIDUP KOTA ADM. JAKARTA TIMUR",9425,63054.92
202403,"SUKU DINAS LINGKUNGAN HIDUP KOTA ADM. JAKARTA UTARA",6855,40205.1
202403,"SUKU DINAS LINGKUNGAN HIDUP  KAB. ADM. KEP. SERIBU",110,748.7
202403,"PENGELOLAAN KAWASAN MANDIRI",1631,7195.96
202403,"UPS BADAN AIR",727,7272.28
202402,"DINAS PERTAMANAN DAN HUTAN KOTA",179,712.04
202402,"SUKU DINAS LINGKUNGAN HIDUP KOTA ADM. JAKARTA BARAT",7045,48268.96
202402,"SUKU DINAS LINGKUNGAN HIDUP KOTA ADM. JAKARTA PUSAT",5385,24155.24
202402,"SUKU DINAS LINGKUNGAN HIDUP  KOTA ADM. JAKARTA SELATAN",7171,48648.40
202402,"SUKU DINAS LINGKUNGAN HIDUP KOTA ADM. JAKARTA TIMUR",8699,54900.42
202402,"SUKU DINAS LINGKUNGAN HIDUP KOTA ADM. JAKARTA UTARA",6444,36318.70
202402,"SUKU DINAS LINGKUNGAN HIDUP  KAB. ADM. KEP. SERIBU",114,774.98
202402,"PENGELOLAAN KAWASAN MANDIRI",1548,7092.10
202402,"UPS BADAN AIR",749,7439.06
202404,"UNIT PELAKSANA KEBERSIHAN BADAN AIR",6513,660
202404,"DINAS PERTAMANAN DAN HUTAN KOTA ",513,148
202404,"SUKU DINAS LINGKUNGAN HIDUP KOTA ADM. JAKARTA BARAT ",43803,6612
202404,"SUKU DINAS LINGKUNGAN HIDUP KOTA ADM. JAKARTA PUSAT ",22327,5118
202404,"SUKU DINAS LINGKUNGAN HIDUP KOTA ADM. JAKARTA SELATAN ",48382,7075
202404,"SUKU DINAS LINGKUNGAN HIDUP KOTA ADM. JAKARTA TIMUR ",55220,8651
202404,"SUKU DINAS LINGKUNGAN HIDUP KOTA ADM. JAKARTA UTARA ",33319,6144
202404,"SUKU DINAS LINGKUNGAN HIDUP KAB. ADM. KEP. SERIBU ",675,111
202404,"PENGELOLAAN KAWASAN MANDIRI",5644,1346
202405,"DINAS PERTAMANAN DAN HUTAN KOTA	",175,502.6
202405,"SUKU DINAS LINGKUNGAN HIDUP KOTA ADM. JAKARTA BARAT	",7463,47355
202405,"SUKU DINAS LINGKUNGAN HIDUP KOTA ADM. JAKARTA PUSAT	",5863,24314.8
202405,"SUKU DINAS LINGKUNGAN HIDUP KOTA ADM. JAKARTA SELATAN	",8127,50111.4
202405,"SUKU DINAS LINGKUNGAN HIDUP KOTA ADM. JAKARTA TIMUR	",9762,55823.8
202405,"SUKU DINAS LINGKUNGAN HIDUP KOTA ADM. JAKARTA UTARA	",6892,35088.5
202405,"SUKU DINAS LINGKUNGAN HIDUP KAB. ADM. KEP. SERIBU	",127,738.9
202405,"PENGELOLAAN KAWASAN MANDIRI",1436,5928.7
202405,"UNIT PELAKSANA KEBERSIHAN BADAN AIR",695,6762
202406,"DINAS PERTAMANAN DAN HUTAN KOTA	",139,448.72
202406,"SUKU DINAS LINGKUNGAN HIDUP KOTA ADM. JAKARTA BARAT	",7079,48443.5
202406,"SUKU DINAS LINGKUNGAN HIDUP KOTA ADM. JAKARTA PUSAT	",5528,25591.38
202406,"SUKU DINAS LINGKUNGAN HIDUP KOTA ADM. JAKARTA SELATAN	",7560,50613.02
202406,"SUKU DINAS LINGKUNGAN HIDUP KOTA ADM. JAKARTA TIMUR	",9127,55887.84
202406,"SUKU DINAS LINGKUNGAN HIDUP KOTA ADM. JAKARTA UTARA	",6573,37262.54
202406,"SUKU DINAS LINGKUNGAN HIDUP KAB. ADM. KEP. SERIBU	",101,696.82
202406,"PENGELOLAAN KAWASAN MANDIRI",1395,6254.24
202406,"UNIT PELAKSANA KEBERSIHAN BADAN AIR",673,7247.18
202407,"DINAS PERTAMANAN DAN HUTAN KOTA	",184,671.6
202407,"SUKU DINAS LINGKUNGAN HIDUP KOTA ADM. JAKARTA BARAT	",7534,53091.9
202407,"SUKU DINAS LINGKUNGAN HIDUP KOTA ADM. JAKARTA PUSAT	",5918,28484.1
202407,"SUKU DINAS LINGKUNGAN HIDUP KOTA ADM. JAKARTA SELATAN	",8062,55119.9
202407,"SUKU DINAS LINGKUNGAN HIDUP KOTA ADM. JAKARTA TIMUR	",9947,62511.2
202407,"SUKU DINAS LINGKUNGAN HIDUP KOTA ADM. JAKARTA UTARA	",7045,40785.9
202407,"SUKU DINAS LINGKUNGAN HIDUP KAB. ADM. KEP. SERIBU	",113,745.4
202407,"PENGELOLAAN KAWASAN MANDIRI",1520,7150
202407,"UNIT PELAKSANA KEBERSIHAN BADAN AIR",783,8168.3
202408,"DINAS PERTAMANAN DAN HUTAN KOTA	",150,483
202408,"SUKU DINAS LINGKUNGAN HIDUP KOTA ADM. JAKARTA BARAT	",7322,45905.1
202408,"SUKU DINAS LINGKUNGAN HIDUP KOTA ADM. JAKARTA PUSAT	",5785,24361.3
202408,"SUKU DINAS LINGKUNGAN HIDUP KOTA ADM. JAKARTA SELATAN	",7926,47939.2
202408,"SUKU DINAS LINGKUNGAN HIDUP KOTA ADM. JAKARTA TIMUR	",9527,51923.5
202408,"SUKU DINAS LINGKUNGAN HIDUP KOTA ADM. JAKARTA UTARA	",6823,34000.3
202408,"SUKU DINAS LINGKUNGAN HIDUP KAB. ADM. KEP. SERIBU	",100,518.2
202408,"PENGELOLAAN KAWASAN MANDIRI",1477,5921.4
202408,"UNIT PELAKSANA KEBERSIHAN BADAN AIR",728,6786.3
202409,"DINAS PERTAMANAN DAN HUTAN KOTA	",152,552.22
202409,"SUKU DINAS LINGKUNGAN HIDUP KOTA ADM. JAKARTA BARAT	",6621,47109.62
202409,"SUKU DINAS LINGKUNGAN HIDUP KOTA ADM. JAKARTA PUSAT	",5051,23831.94
202409,"SUKU DINAS LINGKUNGAN HIDUP KOTA ADM. JAKARTA SELATAN	",7249,50954.92
202409,"SUKU DINAS LINGKUNGAN HIDUP KOTA ADM. JAKARTA TIMUR	",8661,52986.82
202409,"SUKU DINAS LINGKUNGAN HIDUP KOTA ADM. JAKARTA UTARA	",6297,36654.15
202409,"SUKU DINAS LINGKUNGAN HIDUP KAB. ADM. KEP. SERIBU	",98,648.52
202409,"PENGELOLAAN KAWASAN MANDIRI",1369,6244.6
202409,"UNIT PELAKSANA KEBERSIHAN BADAN AIR",743,8157.62
202410,"DINAS PERTAMANAN DAN HUTAN KOTA	",172,566.9
202410,"SUKU DINAS LINGKUNGAN HIDUP KOTA ADM. JAKARTA BARAT	",6958,45766.34
202410,"SUKU DINAS LINGKUNGAN HIDUP KOTA ADM. JAKARTA PUSAT	",5357,23327.84
202410,"SUKU DINAS LINGKUNGAN HIDUP KOTA ADM. JAKARTA SELATAN	",7697,50559.06
202410,"SUKU DINAS LINGKUNGAN HIDUP KOTA ADM. JAKARTA TIMUR	",9398,52878.84
202410,"SUKU DINAS LINGKUNGAN HIDUP KOTA ADM. JAKARTA UTARA	",6760,36268.97
202410,"SUKU DINAS LINGKUNGAN HIDUP KAB. ADM. KEP. SERIBU	",91,623.46
202410,"PENGELOLAAN KAWASAN MANDIRI",1286,5759.28
202410,"UNIT PELAKSANA KEBERSIHAN BADAN AIR",740,7461.82
202411,"DINAS PERTAMANAN DAN HUTAN KOTA	",150,535.96
202411,"SUKU DINAS LINGKUNGAN HIDUP KOTA ADM. JAKARTA BARAT	",6593,44451.20
202411,"SUKU DINAS LINGKUNGAN HIDUP KOTA ADM. JAKARTA PUSAT	",4947,21861.04
202411,"SUKU DINAS LINGKUNGAN HIDUP KOTA ADM. JAKARTA SELATAN	",7181,50287.96
202411,"SUKU DINAS LINGKUNGAN HIDUP KOTA ADM. JAKARTA TIMUR	",8734,50087.38
202411,"SUKU DINAS LINGKUNGAN HIDUP KOTA ADM. JAKARTA UTARA	",6392,34282.04
202411,"SUKU DINAS LINGKUNGAN HIDUP KAB. ADM. KEP. SERIBU	",85,550.08
202411,"PENGELOLAAN KAWASAN MANDIRI",1208,5514.60
202411,"UNIT PELAKSANA KEBERSIHAN BADAN AIR",759,8054.14
202412,"DINAS PERTAMANAN DAN HUTAN KOTA",194,684.1
202412,"SUKU DINAS LINGKUNGAN HIDUP KOTA ADM. JAKARTA BARAT",6851,47470.3
202412,"SUKU DINAS LINGKUNGAN HIDUP KOTA ADM. JAKARTA PUSAT",5263,23991.74
202412,"SUKU DINAS LINGKUNGAN HIDUP KOTA ADM. JAKARTA SELATAN",7591,51918.98
202412,"SUKU DINAS LINGKUNGAN HIDUP KOTA ADM. JAKARTA TIMUR",9080,53818.28
202412,"SUKU DINAS LINGKUNGAN HIDUP KOTA ADM. JAKARTA UTARA",6678,37585.28
202412,"SUKU DINAS LINGKUNGAN HIDUP KAB. ADM. KEP. SERIBU",69,502.62
202412,"SUKU DINAS LINGKUNGAN HIDUP KOTA ADM. JAKARTA BARAT (PASAR)",669,3514.6
202412,"SUKU DINAS LINGKUNGAN HIDUP KOTA ADM. JAKARTA PUSAT (PASAR)",705,3266.88
202412,"SUKU DINAS LINGKUNGAN HIDUP KOTA ADM. JAKARTA SELATAN (PASAR)",478,1675.98
202412,"SUKU DINAS LINGKUNGAN HIDUP KOTA ADM. JAKARTA TIMUR (PASAR)",710,6022.6
202412,"SUKU DINAS LINGKUNGAN HIDUP KOTA ADM. JAKARTA UTARA (PASAR)",436,1209.44
202412,"PENGELOLAAN KAWASAN MANDIRI",1257,5895.84
202412,"UPS BADAN AIR",732,7393.92
202501,"DINAS PERTAMANAN DAN HUTAN KOTA",149,459.02
202501,"SUKU DINAS LINGKUNGAN HIDUP KOTA ADMINISTRASI JAKARTA BARAT",6721,47442.32
202501,"SUKU DINAS LINGKUNGAN HIDUP KOTA ADMINISTRASI JAKARTA PUSAT",5056,23296.14
202501,"SUKU DINAS LINGKUNGAN HIDUP KOTA ADMINISTRASI JAKARTA SELATAN",7448,51237.06
202501,"SUKU DINAS LINGKUNGAN HIDUP KOTA ADMINISTRASI JAKARTA TIMUR",8916,53375.18
202501,"SUKU DINAS LINGKUNGAN HIDUP KOTA ADMINISTRASI JAKARTA UTARA",6185,35905.28
202501,"SUKU DINAS LINGKUNGAN HIDUP KABUPATEN ADMINISTRASI KEPULAUAN SERIBU",68,556.9
202501,"SUKU DINAS LINGKUNGAN HIDUP KOTA ADMINISTRASI JAKARTA BARAT (PASAR)",609,3249.32
202501,"SUKU DINAS LINGKUNGAN HIDUP KOTA ADMINISTRASI JAKARTA PUSAT (PASAR)",702,3371.5
202501,"SUKU DINAS LINGKUNGAN HIDUP KOTA ADMINISTRASI JAKARTA SELATAN (PASAR)",499,1778.14
202501,"SUKU DINAS LINGKUNGAN HIDUP KOTA ADMINISTRASI JAKARTA TIMUR (PASAR)",667,5280.2
202501,"SUKU DINAS LINGKUNGAN HIDUP KOTA ADMINISTRASI JAKARTA UTARA (PASAR)",419,1154.64
202501,"PENGELOLAAN KAWASAN MANDIRI",1065,4821.58
202501,"UPS BADAN AIR",802,7955.36
202502,"DINAS PERTAMANAN DAN HUTAN KOTA",197,720.92
202502,"SUKU DINAS LINGKUNGAN HIDUP KOTA ADMINISTRASI  BARAT",6035,43761.46
202502,"SUKU DINAS LINGKUNGAN HIDUP KOTA ADMINISTRASI  PUSAT",4343,20619.34
202502,"SUKU DINAS LINGKUNGAN HIDUP KOTA ADMINISTRASI  SELATAN",6484,46434.02
202502,"SUKU DINAS LINGKUNGAN HIDUP KOTA ADMINISTRASI  TIMUR",7755,47710.98
202502,"SUKU DINAS LINGKUNGAN HIDUP KOTA ADMINISTRASI  UTARA",5358,31466.8
202502,"SUKU DINAS LINGKUNGAN HIDUP KABUPATEN ADMINISTRASI KEPULAUAN SERIBU",96,725.22
202502,"SUKU DINAS LINGKUNGAN HIDUP KOTA ADMINISTRASI  BARAT (PASAR)",527,3002.56
202502,"SUKU DINAS LINGKUNGAN HIDUP KOTA ADMINISTRASI  PUSAT (PASAR)",659,3176.2
202502,"SUKU DINAS LINGKUNGAN HIDUP KOTA ADMINISTRASI  SELATAN (PASAR)",458,1736.38
202502,"SUKU DINAS LINGKUNGAN HIDUP KOTA ADMINISTRASI  TIMUR (PASAR)",509,3860.74
202502,"SUKU DINAS LINGKUNGAN HIDUP KOTA ADMINISTRASI  UTARA (PASAR)",368,1048.58
202502,"PENGELOLAAN KAWASAN MANDIRI",993,4550.82
202502,"UPS BADAN AIR",700,6890.2
202503,"DINAS PERTAMANAN DAN HUTAN KOTA",175,622.52
202503,"SUKU DINAS LINGKUNGAN HIDUP KOTA ADMINISTRASI BARAT        ",6486,47023.12
202503,"SUKU DINAS LINGKUNGAN HIDUP KOTA ADMINISTRASI PUSAT",4852,22953.32
202503,"SUKU DINAS LINGKUNGAN HIDUP KOTA ADMINISTRASI SELATAN	",7211,53829.58
202503,"SUKU DINAS LINGKUNGAN HIDUP KOTA ADMINISTRASI TIMUR	",8720,55982.26
202503,"SUKU DINAS LINGKUNGAN HIDUP KOTA ADMINISTRASI UTARA",6147,36664.26
202503,"SUKU DINAS LINGKUNGAN HIDUP KABUPATEN ADMINISTRASI KEPULAUAN SERIBU",86,719.28
202503,"SUKU DINAS LINGKUNGAN HIDUP KOTA ADMINISTRASI BARAT (PASAR)	",592,3537.94
202503,"SUKU DINAS LINGKUNGAN HIDUP KOTA ADMINISTRASI PUSAT (PASAR)	",720,3605.32
202503,"SUKU DINAS LINGKUNGAN HIDUP KOTA ADMINISTRASI SELATAN (PASAR)	",478,1841.38
202503,"SUKU DINAS LINGKUNGAN HIDUP KOTA ADMINISTRASI TIMUR (PASAR)	",545,4184.38
202503,"SUKU DINAS LINGKUNGAN HIDUP KOTA ADMINISTRASI UTARA (PASAR)	",366,1079.7
202503,"PENGELOLAAN KAWASAN MANDIRI",965,4150.6
202503,"UPS BADAN AIR",1340,11451.38
202504,"DINAS PERTAMANAN DAN HUTAN KOTA",167,589.8
202504,"SUKU DINAS LINGKUNGAN HIDUP KOTA ADMINISTRASI JAKARTA BARAT",5878,39526.98
202504,"SUKU DINAS LINGKUNGAN HIDUP KOTA ADMINISTRASI JAKARTA PUSAT",4407,19412.94
202504,"SUKU DINAS LINGKUNGAN HIDUP KOTA ADMINISTRASI JAKARTA SELATAN",6768,45527.7
202504,"SUKU DINAS LINGKUNGAN HIDUP KOTA ADMINISTRASI JAKARTA TIMUR",8129,48444.42
202504,"SUKU DINAS LINGKUNGAN HIDUP KOTA ADMINISTRASI JAKARTA UTARA",5425,29255.46
202504,"SUKU DINAS LINGKUNGAN HIDUP KAB. ADMINISTRASI KEP. SERIBU",67,474.64
202504,"SUKU DINAS LINGKUNGAN HIDUP KOTA ADMINISTRASI JAKARTA BARAT (PASAR)",502,2855.96
202504,"SUKU DINAS LINGKUNGAN HIDUP KOTA ADMINISTRASI JAKARTA PUSAT (PASAR)",537,2383.52
202504,"SUKU DINAS LINGKUNGAN HIDUP KOTA ADMINISTRASI JAKARTA SELATAN (PASAR)",446,1667.62
202504,"SUKU DINAS LINGKUNGAN HIDUP KOTA ADMINISTRASI JAKARTA TIMUR (PASAR)",438,3122.26
202504,"SUKU DINAS LINGKUNGAN HIDUP KOTA ADMINISTRASI JAKARTA UTARA (PASAR)",312,902.12
202504,"PENGELOLAAN KAWASAN MANDIRI",1176,4996.42
202504,"UPS BADAN AIR",684,6548.68
202505,"DINAS PERTAMANAN DAN HUTAN KOTA",187,733.18
202505,"SUKU DINAS LINGKUNGAN HIDUP KOTA ADMINISTRASI JAKARTA BARAT",6361,44486.86
202505,"SUKU DINAS LINGKUNGAN HIDUP KOTA ADMINISTRASI JAKARTA PUSAT",4917,22940.12
202505,"SUKU DINAS LINGKUNGAN HIDUP KOTA ADMINISTRASI JAKARTA SELATAN",7354,51492.44
202505,"SUKU DINAS LINGKUNGAN HIDUP KOTA ADMINISTRASI JAKARTA TIMUR",8754,52212.38
202505,"SUKU DINAS LINGKUNGAN HIDUP KOTA ADMINISTRASI JAKARTA UTARA",6026,34075.06
202505,"SUKU DINAS LINGKUNGAN HIDUP KABUPATEN ADMINISTRASI KEPULAUAN SERIBU",79,601.36
202505,"SUKU DINAS LINGKUNGAN HIDUP KOTA ADMINISTRASI JAKARTA BARAT (PASAR)",655,3925.16
202505,"SUKU DINAS LINGKUNGAN HIDUP KOTA ADMINISTRASI JAKARTA PUSAT (PASAR)",640,2967.9
202505,"SUKU DINAS LINGKUNGAN HIDUP KOTA ADMINISTRASI JAKARTA SELATAN (PASAR)",501,1927.72
202505,"SUKU DINAS LINGKUNGAN HIDUP KOTA ADMINISTRASI JAKARTA TIMUR (PASAR)",466,3499.28
202505,"SUKU DINAS LINGKUNGAN HIDUP KOTA ADMINISTRASI JAKARTA UTARA (PASAR)",400,1085.84
202505,"PENGELOLAAN KAWASAN MANDIRI",1144,5192.54
202505,"UPS BADAN AIR",807,7864.28
202506,"DINAS PERTAMANAN DAN HUTAN KOTA",184,717.56
202506,"SUKU DINAS LINGKUNGAN HIDUP KOTA ADMINISTRASI JAKARTA BARAT	",6048,42304.4
202506,"SUKU DINAS LINGKUNGAN HIDUP KOTA ADMINISTRASI JAKARTA PUSAT	",4667,20876.24
202506,"SUKU DINAS LINGKUNGAN HIDUP KOTA ADMINISTRASI JAKARTA SELATAN	",6989,47976.92
202506,"SUKU DINAS LINGKUNGAN HIDUP KOTA ADMINISTRASI JAKARTA TIMUR	",8102,47646.34
202506,"SUKU DINAS LINGKUNGAN HIDUP KOTA ADMINISTRASI JAKARTA UTARA	",5647,31201.94
202506,"SUKU DINAS LINGKUNGAN HIDUP KABUPATEN ADMINISTRASI KEPULAUAN SERIBU	",57,432.4
202506,"SUKU DINAS LINGKUNGAN HIDUP KOTA ADMINISTRASI JAKARTA BARAT (PASAR)	",592,3323.54
202506,"SUKU DINAS LINGKUNGAN HIDUP KOTA ADMINISTRASI JAKARTA PUSAT (PASAR)	",611,2794.98
202506,"SUKU DINAS LINGKUNGAN HIDUP KOTA ADMINISTRASI JAKARTA SELATAN (PASAR)	",471,1779.28
202506,"SUKU DINAS LINGKUNGAN HIDUP KOTA ADMINISTRASI JAKARTA TIMUR (PASAR)	",574,3734.74
202506,"SUKU DINAS LINGKUNGAN HIDUP KOTA ADMINISTRASI JAKARTA UTARA (PASAR)	",397,1038.76
202506,"PENGELOLAAN KAWASAN MANDIRI",1244,5559.66
202506,"UPS BADAN AIR",710,7057.48
202507,"DINAS PERTAMANAN DAN HUTAN KOTA",209,851.84
202507,"SUKU DINAS LINGKUNGAN HIDUP KOTA ADMINISTRASI JAKARTA BARAT	",6384,43301.58
202507,"SUKU DINAS LINGKUNGAN HIDUP KOTA ADMINISTRASI JAKARTA PUSAT	",5046,22706.42
202507,"SUKU DINAS LINGKUNGAN HIDUP KOTA ADMINISTRASI JAKARTA SELATAN	",7576,50756.24
202507,"SUKU DINAS LINGKUNGAN HIDUP KOTA ADMINISTRASI JAKARTA TIMUR	",8830,49607.46
202507,"SUKU DINAS LINGKUNGAN HIDUP KOTA ADMINISTRASI JAKARTA UTARA	",6201,34435.44
202507,"SUKU DINAS LINGKUNGAN HIDUP KABUPATEN ADMINISTRASI KEPULAUAN SERIBU	",83,572.14
202507,"SUKU DINAS LINGKUNGAN HIDUP KOTA ADMINISTRASI JAKARTA BARAT (PASAR)	",617,3654.72
202507,"SUKU DINAS LINGKUNGAN HIDUP KOTA ADMINISTRASI JAKARTA PUSAT (PASAR)	",668,3084.56
202507,"SUKU DINAS LINGKUNGAN HIDUP KOTA ADMINISTRASI JAKARTA SELATAN (PASAR)	",469,1739.8
202507,"SUKU DINAS LINGKUNGAN HIDUP KOTA ADMINISTRASI JAKARTA TIMUR (PASAR)	",592,4275.84
202507,"SUKU DINAS LINGKUNGAN HIDUP KOTA ADMINISTRASI JAKARTA UTARA (PASAR)	",404,1160.7
202507,"PENGELOLAAN KAWASAN MANDIRI",1186,5441.04
202507,"UPS BADAN AIR",760,7612.1
202508,"DINAS PERTAMANAN DAN HUTAN KOTA",180,683.64
202508,"SUKU DINAS LINGKUNGAN HIDUP KOTA ADMINISTRASI JAKARTA BARAT",6371,42860.17
202508,"SUKU DINAS LINGKUNGAN HIDUP KOTA ADMINISTRASI JAKARTA PUSAT",4959,22104.96
202508,"SUKU DINAS LINGKUNGAN HIDUP KOTA ADMINISTRASI JAKARTA SELATAN",7371,49726.1
202508,"SUKU DINAS LINGKUNGAN HIDUP KOTA ADMINISTRASI JAKARTA TIMUR",8621,48566.62
202508,"SUKU DINAS LINGKUNGAN HIDUP KOTA ADMINISTRASI JAKARTA UTARA",6106,33080.14
202508,"SUKU DINAS LINGKUNGAN HIDUP KABUPATEN ADMINISTRASI KEPULAUAN SERIBU	",88,658.44
202508,"SUKU DINAS LINGKUNGAN HIDUP KOTA ADMINISTRASI JAKARTA BARAT (PASAR)",609,3521.84
202508,"SUKU DINAS LINGKUNGAN HIDUP KOTA ADMINISTRASI JAKARTA PUSAT (PASAR)",593,2664.18
202508,"SUKU DINAS LINGKUNGAN HIDUP KOTA ADMINISTRASI JAKARTA SELATAN (PASAR)",473,1773.78
202508,"SUKU DINAS LINGKUNGAN HIDUP KOTA ADMINISTRASI JAKARTA TIMUR (PASAR)",528,3602.12
202508,"SUKU DINAS LINGKUNGAN HIDUP KOTA ADMINISTRASI JAKARTA UTARA (PASAR)",402,1124.22
202508,"PENGELOLAAN KAWASAN MANDIRI",1167,4945.88
202508,"UPS BADAN AIR",700,7286.74
202509,"DINAS PERTAMANAN DAN HUTAN KOTA",184.0,643.06
202509,"SUKU DINAS LINGKUNGAN HIDUP KOTA ADMINISTRASI JAKARTA BARAT",6216.0,40191.4
202509,"SUKU DINAS LINGKUNGAN HIDUP KOTA ADMINISTRASI JAKARTA PUSAT",4829.0,20208.04
202509,"SUKU DINAS LINGKUNGAN HIDUP KOTA ADMINISTRASI JAKARTA SELATAN",7242.0,47968.57
202509,"SUKU DINAS LINGKUNGAN HIDUP KOTA ADMINISTRASI JAKARTA TIMUR",8280.0,44834.46
202509,"SUKU DINAS LINGKUNGAN HIDUP KOTA ADMINISTRASI JAKARTA UTARA",5637.0,28365.24
202509,"SUKU DINAS LINGKUNGAN HIDUP KABUPATEN ADMINISTRASI KEPULAUAN SERIBU",58.0,427.92
202509,"SUKU DINAS LINGKUNGAN HIDUP KOTA ADMINISTRASI JAKARTA BARAT (PASAR)",594.0,3268.62
202509,"SUKU DINAS LINGKUNGAN HIDUP KOTA ADMINISTRASI JAKARTA PUSAT (PASAR)",642.0,2678.56
202509,"SUKU DINAS LINGKUNGAN HIDUP KOTA ADMINISTRASI JAKARTA SELATAN (PASAR)",485.0,1696.38
202509,"SUKU DINAS LINGKUNGAN HIDUP KOTA ADMINISTRASI JAKARTA TIMUR (PASAR)",618.0,4560.8
202509,"SUKU DINAS LINGKUNGAN HIDUP KOTA ADMINISTRASI JAKARTA UTARA (PASAR)",391.0,967.4
202509,"PENGELOLAAN KAWASAN MANDIRI",1115.0,4567.02
202509,"UPS BADAN AIR",701.0,7175.6
202510,"DINAS PERTAMANAN DAN HUTAN KOTA",198.0,734.06
202510,"SUKU DINAS LINGKUNGAN HIDUP KOTA ADMINISTRASI JAKARTA BARAT",6539.0,41225.37
202510,"SUKU DINAS LINGKUNGAN HIDUP KOTA ADMINISTRASI JAKARTA PUSAT",4978.0,20069.46
202510,"SUKU DINAS LINGKUNGAN HIDUP KOTA ADMINISTRASI JAKARTA SELATAN",7346.0,48184.74
202510,"SUKU DINAS LINGKUNGAN HIDUP KOTA ADMINISTRASI JAKARTA TIMUR",8347.0,44527.21
202510,"SUKU DINAS LINGKUNGAN HIDUP KOTA ADMINISTRASI JAKARTA UTARA",5663.0,27866.74
202510,"SUKU DINAS LINGKUNGAN HIDUP KABUPATEN ADMINISTRASI KEPULAUAN SERIBU        ",84.0,622.84
202510,"SUKU DINAS LINGKUNGAN HIDUP KOTA ADMINISTRASI JAKARTA BARAT (PASAR)",620.0,3305.38
202510,"SUKU DINAS LINGKUNGAN HIDUP KOTA ADMINISTRASI JAKARTA PUSAT (PASAR)",702.0,2869.38
202510,"SUKU DINAS LINGKUNGAN HIDUP KOTA ADMINISTRASI JAKARTA SELATAN (PASAR)",484.0,1694.5
202510,"SUKU DINAS LINGKUNGAN HIDUP KOTA ADMINISTRASI JAKARTA TIMUR (PASAR)",535.0,3283.86
202510,"SUKU DINAS LINGKUNGAN HIDUP KOTA ADMINISTRASI JAKARTA UTARA (PASAR)",423.0,1079.64
202510,"PENGELOLAAN KAWASAN MANDIRI",1288.0,5059.52
202510,"UPS BADAN AIR",732.0,7360.75
202511,"DINAS PERTAMANAN DAN HUTAN KOTA",184.0,684.78
202511,"SUKU DINAS LINGKUNGAN HIDUP KOTA ADMINISTRASI JAKARTA BARAT",6285.0,43106.48
202511,"SUKU DINAS LINGKUNGAN HIDUP KOTA ADMINISTRASI JAKARTA PUSAT",4920.0,21938.18
202511,"SUKU DINAS LINGKUNGAN HIDUP KOTA ADMINISTRASI JAKARTA SELATAN",6962.0,50515.7
202511,"SUKU DINAS LINGKUNGAN HIDUP KOTA ADMINISTRASI JAKARTA TIMUR",8336.0,49765.29
202511,"SUKU DINAS LINGKUNGAN HIDUP KOTA ADMINISTRASI JAKARTA UTARA",5992.0,33755.82
202511,"SUKU DINAS LINGKUNGAN HIDUP KABUPATEN ADMNISTRASI KEPULAUAN SERIBU",77.0,561.52
202511,"SUKU DINAS LINGKUNGAN HIDUP KOTA ADMINISTRASI JAKARTA BARAT (PASAR)",548.0,3248.68
202511,"SUKU DINAS LINGKUNGAN HIDUP KOTA ADMINISTRASI JAKARTA PUSAT (PASAR)",663.0,3105.3
202511,"SUKU DINAS LINGKUNGAN HIDUP KOTA ADMINISTRASI JAKARTA SELATAN (PASAR)",440.0,1678.48
202511,"SUKU DINAS LINGKUNGAN HIDUP KOTA ADMINISTRASI JAKARTA TIMUR (PASAR)",535.0,3604.97
202511,"SUKU DINAS LINGKUNGAN HIDUP KOTA ADMINISTRASI JAKARTA UTARA (PASAR)",374.0,1080.74
202511,"PENGELOLAAN KAWASAN MANDIRI",1116.0,5058.88
202511,"UPS BADAN AIR",1019.0,9454.22
202511,"Refuse-Derived Fuel (RDF) Rorotan",5.0,53
202512,"DINAS PERTAMANAN DAN HUTAN KOTA",147,600.57
202512,"SUKU DINAS LINGKUNGAN HIDUP KOTA ADMINISTRASI JAKARTA BARAT",6712,44822.12
202512,"SUKU DINAS LINGKUNGAN HIDUP KOTA ADMINISTRASI JAKARTA PUSAT",5095,22799.68
202512,"SUKU DINAS LINGKUNGAN HIDUP KOTA ADMINISTRASI JAKARTA SELATAN",7290,52566.81
202512,"SUKU DINAS LINGKUNGAN HIDUP KOTA ADMINISTRASI JAKARTA TIMUR",8482,51084.98
202512,"SUKU DINAS LINGKUNGAN HIDUP KOTA ADMINISTRASI JAKARTA UTARA",5959,32624.8
202512,"SUKU DINAS LINGKUNGAN HIDUP KABUPATEN ADMNISTRASI KEPULAUAN SERIBU",103,729.32
202512,"SUKU DINAS LINGKUNGAN HIDUP KOTA ADMINISTRASI JAKARTA BARAT (PASAR)",577,3197.36
202512,"SUKU DINAS LINGKUNGAN HIDUP KOTA ADMINISTRASI JAKARTA PUSAT (PASAR)",658,3004.1
202512,"SUKU DINAS LINGKUNGAN HIDUP KOTA ADMINISTRASI JAKARTA SELATAN (PASAR)",459,1789.72
202512,"SUKU DINAS LINGKUNGAN HIDUP KOTA ADMINISTRASI JAKARTA TIMUR (PASAR)",546,3372.75
202512,"SUKU DINAS LINGKUNGAN HIDUP KOTA ADMINISTRASI JAKARTA UTARA (PASAR)",389,1003.66
202512,"PENGELOLAAN KAWASAN MANDIRI",1203,5468.54
202512,"UPS BADAN AIR",744,7972.62
202601,"DINAS PERTAMANAN DAN HUTAN KOTA",131,531
202601,"SUKU DINAS LINGKUNGAN HIDUP KOTA ADMINISTRASI JAKARTA PUSAT",4821,23461.69
202601,"SUKU DINAS LINGKUNGAN HIDUP KOTA ADMINISTRASI JAKARTA UTARA",5366,32165.6
202601,"SUKU DINAS LINGKUNGAN HIDUP KOTA ADMINISTRASI JAKARTA BARAT",6437,47399.92
202601,"SUKU DINAS LINGKUNGAN HIDUP KOTA ADMINISTRASI JAKARTA SELATAN",7077,53713.54
202601,"SUKU DINAS LINGKUNGAN HIDUP KOTA ADMINISTRASI JAKARTA TIMUR",7970,51638.24
202601,"SUKU DINAS LINGKUNGAN HIDUP KABUPATEN ADMNISTRASI KEPULAUAN SERIBU",159,1259.24
202601,"SUKU DINAS LINGKUNGAN HIDUP KOTA ADMINISTRASI JAKARTA BARAT (PASAR)",576,3470.32
202601,"SUKU DINAS LINGKUNGAN HIDUP KOTA ADMINISTRASI JAKARTA PUSAT (PASAR)",634,3162.32
202601,"SUKU DINAS LINGKUNGAN HIDUP KOTA ADMINISTRASI JAKARTA SELATAN (PASAR)",449,1866.44
202601,"SUKU DINAS LINGKUNGAN HIDUP KOTA ADMINISTRASI JAKARTA TIMUR (PASAR)",481,3151.66
202601,"SUKU DINAS LINGKUNGAN HIDUP KOTA ADMINISTRASI JAKARTA UTARA (PASAR)",365,1008.26
202601,"PENGELOLAAN KAWASAN MANDIRI",1208,5859.26
202601,"UPS BADAN AIR",807,9031.5
202602,"DINAS PERTAMANAN DAN HUTAN KOTA",114,458.84
202602,"SUKU DINAS LINGKUNGAN HIDUP KOTA ADMINISTRASI JAKARTA BARAT",5929,43326.38
202602,"SUKU DINAS LINGKUNGAN HIDUP KOTA ADMINISTRASI JAKARTA PUSAT",4330,21014.56
202602,"SUKU DINAS LINGKUNGAN HIDUP KOTA ADMINISTRASI JAKARTA SELATAN",6346,48732.6
202602,"SUKU DINAS LINGKUNGAN HIDUP KOTA ADMINISTRASI JAKARTA TIMUR",7268,45677.38
202602,"SUKU DINAS LINGKUNGAN HIDUP KOTA ADMINISTRASI JAKARTA UTARA",5207,31121.53
202602,"SUKU DINAS LINGKUNGAN HIDUP KABUPATEN ADMNISTRASI KEPULAUAN SERIBU",109,861.84
202602,"SUKU DINAS LINGKUNGAN HIDUP KOTA ADMINISTRASI JAKARTA BARAT (PASAR)",635,3733.28
202602,"SUKU DINAS LINGKUNGAN HIDUP KOTA ADMINISTRASI JAKARTA PUSAT (PASAR)",723,3696.18
202602,"SUKU DINAS LINGKUNGAN HIDUP KOTA ADMINISTRASI JAKARTA SELATAN (PASAR)",618,2806.18
202602,"SUKU DINAS LINGKUNGAN HIDUP KOTA ADMINISTRASI JAKARTA TIMUR (PASAR)",681,4681.72
202602,"SUKU DINAS LINGKUNGAN HIDUP KOTA ADMINISTRASI JAKARTA UTARA (PASAR)",343,923.28
202602,"PENGELOLAAN KAWASAN MANDIRI",1277,6268.98
202602,"UPS BADAN AIR",677,7082.76
202603,"DINAS PERTAMANAN DAN HUTAN KOTA",120,430.74
202603,"SUKU DINAS LINGKUNGAN HIDUP KOTA ADMINISTRASI JAKARTA BARAT",4933,37796.68
202603,"SUKU DINAS LINGKUNGAN HIDUP KOTA ADMINISTRASI JAKARTA PUSAT",3621,19819.94
202603,"SUKU DINAS LINGKUNGAN HIDUP KOTA ADMINISTRASI JAKARTA SELATAN",5579,47174.4
202603,"SUKU DINAS LINGKUNGAN HIDUP KOTA ADMINISTRASI JAKARTA TIMUR",5924,42902.8
202603,"SUKU DINAS LINGKUNGAN HIDUP KOTA ADMINISTRASI JAKARTA UTARA",4699,27970.88
202603,"SUKU DINAS LINGKUNGAN HIDUP KABUPATEN ADMNISTRASI KEPULAUAN SERIBU",96,812.12
202603,"SUKU DINAS LINGKUNGAN HIDUP KOTA ADMINISTRASI JAKARTA BARAT (PASAR)",466,2852.62
202603,"SUKU DINAS LINGKUNGAN HIDUP KOTA ADMINISTRASI JAKARTA PUSAT (PASAR)",511,2754.34
202603,"SUKU DINAS LINGKUNGAN HIDUP KOTA ADMINISTRASI JAKARTA SELATAN (PASAR)",434,2055.78
202603,"SUKU DINAS LINGKUNGAN HIDUP KOTA ADMINISTRASI JAKARTA TIMUR (PASAR)",367,2238.78
202603,"SUKU DINAS LINGKUNGAN HIDUP KOTA ADMINISTRASI JAKARTA UTARA (PASAR)",250,677.06
202603,"PENGELOLAAN KAWASAN MANDIRI",1166,5055.9
202603,"UPS BADAN AIR",720,7175.25
202604,"DINAS PERTAMANAN DAN HUTAN KOTA",160,640.2
202604,"SUKU DINAS LINGKUNGAN HIDUP KOTA ADMINISTRASI JAKARTA BARAT",4991,41108.98
202604,"SUKU DINAS LINGKUNGAN HIDUP KOTA ADMINISTRASI JAKARTA PUSAT",2915,18104.9
202604,"SUKU DINAS LINGKUNGAN HIDUP KOTA ADMINISTRASI JAKARTA SELATAN",5317,49051.78
202604,"SUKU DINAS LINGKUNGAN HIDUP KOTA ADMINISTRASI JAKARTA TIMUR",5577,45040.94
202604,"SUKU DINAS LINGKUNGAN HIDUP KOTA ADMINISTRASI JAKARTA UTARA",4950,27212.97
202604,"SUKU DINAS LINGKUNGAN HIDUP KABUPATEN ADMNISTRASI KEPULAUAN SERIBU",135,1008.58
202604,"SUKU DINAS LINGKUNGAN HIDUP KOTA ADMINISTRASI JAKARTA BARAT (PASAR)",439,3008.56
202604,"SUKU DINAS LINGKUNGAN HIDUP KOTA ADMINISTRASI JAKARTA PUSAT (PASAR)",578,3846.46
202604,"SUKU DINAS LINGKUNGAN HIDUP KOTA ADMINISTRASI JAKARTA SELATAN (PASAR)",332,2073.34
202604,"SUKU DINAS LINGKUNGAN HIDUP KOTA ADMINISTRASI JAKARTA TIMUR (PASAR)",661,7660.26
202604,"SUKU DINAS LINGKUNGAN HIDUP KOTA ADMINISTRASI JAKARTA UTARA (PASAR)",348,882.1
202604,"PENGELOLAAN KAWASAN MANDIRI",1576,6233.04
202604,"UPS BADAN AIR",829,7962.8
